model,budget_million_tokens,status,actual_tokens,final_validation_loss,parameter_count
8M,16,completed,16001024,3.0789241552352906,8530176
8M,32,completed,32000000,2.5810081720352174,8530176
8M,64,completed,64000000,2.2164912104606627,8530176
8M,128,completed,128000000,1.9289141476154328,8530176
16M,16,completed,16001024,2.9066802859306335,15351168
16M,32,completed,32000000,2.477473282814026,15351168
16M,64,completed,64000000,2.104417610168457,15351168
16M,128,completed,128000000,1.8101035594940185,15351168
32M,16,completed,16001024,2.723801112174988,30693888
32M,32,completed,32000000,2.2573427319526673,30693888
32M,64,completed,64000000,1.8921022355556487,30693888
32M,128,completed,128000000,1.6658091247081757,30693888
64M,16,completed,16001024,2.5422513484954834,66061440
64M,32,completed,32000000,2.1222244024276735,66061440
64M,64,completed,64000000,1.7833612740039826,66061440
64M,128,completed,128000000,1.5758283138275146,66061440
