step,tokens_seen,train_loss,val_loss,val_ppl,lr,elapsed_seconds
1,2048,9.21034049987793,,,1.923076923076923e-06,0.43220866299998306
10,20480,9.210325241088867,,,1.9230769230769228e-05,1.9477659510002923
20,40960,9.210261344909668,,,3.8461538461538456e-05,3.905874077000135
30,61440,9.210145950317383,,,5.769230769230769e-05,5.602301909000289
40,81920,9.20988655090332,,,7.692307692307691e-05,7.278573143999893
50,102400,9.209378242492676,,,9.615384615384615e-05,9.155754626000089
60,122880,9.208335876464844,,,0.00011538461538461538,10.872605293000106
70,143360,9.20645523071289,,,0.0001346153846153846,12.606930534000185
80,163840,9.203778266906738,,,0.00015384615384615382,14.351782468000238
90,184320,9.199804306030273,,,0.00017307692307692307,16.044421721000163
100,204800,9.19102668762207,9.189979553222656,9798.450630416884,0.0001923076923076923,19.50592415500023
110,225280,9.172945022583008,,,0.0002115384615384615,21.44509067600029
120,245760,9.119359970092773,,,0.00023076923076923076,23.67707181600008
130,266240,9.054819107055664,,,0.00025,25.57242401600024
140,286720,8.977411270141602,,,0.0002692307692307692,27.32898018500009
150,307200,8.874130249023438,,,0.00028846153846153843,29.442302976000065
160,327680,8.752557754516602,,,0.0002999998181948802,31.604222775999915
170,348160,8.617416381835938,,,0.0002999977728929059,33.286475204
180,368640,8.441570281982422,,,0.0002999934550671027,35.148059710000325
190,389120,8.278498649597168,,,0.0002999868647901558,37.08861845699994
200,409600,8.078155517578125,8.087406349182128,3253.238852840155,0.0002999780021730045,40.757202472000245
210,430080,7.901100158691406,,,0.0002999668673648403,42.579607384000155
220,450560,7.701753616333008,,,0.00029995346055310416,44.33009063500003
230,471040,7.549439430236816,,,0.00029993778196348345,46.23174380899991
240,491520,7.370782852172852,,,0.0002999198318599083,47.95653251600015
250,512000,7.200219631195068,,,0.00029989961054454695,49.99617554900033
260,532480,7.020857334136963,,,0.00029987711835780065,51.62748489500018
270,552960,6.845304012298584,,,0.00029985235567829815,53.76744651400031
280,573440,6.719123840332031,,,0.0002998253229228891,55.97375872600014
290,593920,6.50573205947876,,,0.00029979602054663716,57.66927319300021
300,614400,6.277671813964844,6.330981731414795,561.707769418711,0.0002997644490428123,61.22557497300022
310,634880,6.191013336181641,,,0.00029973060894288256,63.13219177400015
320,655360,6.107316017150879,,,0.000299694500816505,64.81940441300003
330,675840,6.172290802001953,,,0.00029965612527151607,66.48337558899993
340,696320,6.023171424865723,,,0.0002996154829539216,68.43441692200031
350,716800,5.880776882171631,,,0.0002995725745478857,70.15598084700014
360,737280,5.727155685424805,,,0.00029952740077571937,72.39890678400025
370,757760,5.863509178161621,,,0.00029947996239786833,74.26505898799996
380,778240,5.848348617553711,,,0.0002994302602129001,76.35098028499988
390,798720,5.744971752166748,,,0.0002993782950574907,78.21097971300014
400,819200,5.514293193817139,5.672883605957031,290.8720867079088,0.00029932406780641056,81.85017590200005
410,839680,5.768523216247559,,,0.0002992675793725097,83.86233316000016
420,860160,5.766093730926514,,,0.0002992088307067024,85.55554393900002
430,880640,5.572459697723389,,,0.00029914782279795123,87.48902854300013
440,901120,5.406691074371338,,,0.00029908455667325033,89.58218841200005
450,921600,5.370084762573242,,,0.0002990190333976082,91.58563789100026
460,942080,5.443737506866455,,,0.00029895125407402987,93.27994250300026
470,962560,5.372506141662598,,,0.00029888121984349787,95.0465801549999
480,983040,5.3144659996032715,,,0.00029880893188495377,96.96352919500032
490,1003520,5.28109073638916,,,0.0002987343914152775,98.64812048700014
500,1024000,5.061458587646484,5.092225360870361,162.75164049273673,0.00029865759968926767,102.19576783499997
510,1044480,5.2087907791137695,,,0.00029857855799961974,106.19784280300019
520,1064960,4.860846519470215,,,0.0002984972676769048,108.09260816899996
530,1085440,4.962839603424072,,,0.00029841373008954685,109.83224242799997
540,1105920,4.7519378662109375,,,0.0002983279466437999,111.54879681300008
550,1126400,5.044755935668945,,,0.00029823991878372423,113.20039322100001
560,1146880,4.666088581085205,,,0.0002981496479911622,114.88838805600017
570,1167360,4.8088836669921875,,,0.00029805713578571303,116.54461115699996
580,1187840,4.71453857421875,,,0.00029796238372470764,118.26061723700013
590,1208320,4.717284202575684,,,0.00029786539340318207,119.88884925899993
600,1228800,4.627985000610352,4.55358316898346,94.97210044894246,0.0002977661664538508,123.77510144999997
610,1249280,4.620344161987305,,,0.00029766470454707915,125.45719538599997
620,1269760,4.314198970794678,,,0.0002975610093908554,127.18176839200032
630,1290240,4.553491592407227,,,0.00029745508273076166,129.1519601660002
640,1310720,4.419528007507324,,,0.000297346926349945,131.10585464299993
650,1331200,4.642927169799805,,,0.0002972365420690867,133.02137189900031
660,1351680,4.530999183654785,,,0.00029712393174637254,134.86806926400004
670,1372160,4.540712356567383,,,0.00029700909727746065,136.7737082020003
680,1392640,4.388011455535889,,,0.0002968920405954501,138.77087541299989
690,1413120,4.591693878173828,,,0.0002967727636708482,140.42691626700025
700,1433600,4.1401286125183105,4.252040839195251,70.24863231475686,0.0002966512685115374,143.68720640900028
710,1454080,4.159475326538086,,,0.00029652755716274133,145.4097776839999
720,1474560,4.2416815757751465,,,0.0002964016317069906,147.00165113399999
730,1495040,4.301898956298828,,,0.00029627349426408756,148.7156404000002
740,1515520,4.083611965179443,,,0.00029614314699107075,150.63754251499995
750,1536000,4.337686061859131,,,0.0002960105920821784,152.3585269360001
760,1556480,4.156383514404297,,,0.0002958758317688117,154.23029878100033
770,1576960,4.1409735679626465,,,0.00029573886831949723,155.8881750380001
780,1597440,4.238686561584473,,,0.00029559970403984846,157.94150443800027
790,1617920,4.296091079711914,,,0.0002954583412725274,159.6793035730002
800,1638400,4.3604207038879395,4.094999158382416,60.039288627308295,0.00029531478239720483,163.45901699700016
810,1658880,4.203402519226074,,,0.0002951690298305203,165.6345616389999
820,1679360,4.286652565002441,,,0.00029502108602604167,167.53059839900016
830,1699840,3.9890336990356445,,,0.0002948709534742234,169.71447987600004
840,1720320,4.340738773345947,,,0.000294718634702365,171.49543515100004
850,1740800,4.096674919128418,,,0.00029456413227456834,173.51368453400028
860,1761280,4.117583751678467,,,0.00029440744879169446,175.34035680500028
870,1781760,4.145049571990967,,,0.0002942485868913198,177.18136430000004
880,1802240,3.9982364177703857,,,0.00029408754924769193,179.15030532900028
890,1822720,4.184500694274902,,,0.00029392433857168424,181.02335705999985
900,1843200,4.246416091918945,4.00156022310257,54.683401816790706,0.00029375895761075054,184.94138555000018
910,1863680,3.9532535076141357,,,0.0002935914091488789,186.98890710099977
920,1884160,4.108919143676758,,,0.0002934216960065444,189.16119407999986
930,1904640,4.056196212768555,,,0.00029324982104066225,191.2830254280002
940,1925120,3.8435614109039307,,,0.00029307578714453885,193.1798305819998
950,1945600,3.8305041790008545,,,0.00029289959724782395,195.19194006099997
960,1966080,3.9094605445861816,,,0.0002927212543164609,197.1828560830004
970,1986560,4.214221000671387,,,0.00029254076135263663,198.89397226600022
980,2007040,4.1482648849487305,,,0.0002923581213947314,200.54172661199982
990,2027520,3.933255195617676,,,0.00029217333751726745,202.39961101200015
1000,2048000,3.9639692306518555,3.93881961107254,51.357943160028015,0.0002919864128308573,206.04701908299967
1010,2068480,4.022773742675781,,,0.0002917973504821514,210.6193204240003
1020,2088960,4.2422051429748535,,,0.00029160615365378514,212.89139788500006
1030,2109440,3.8542897701263428,,,0.00029141282556432535,214.64349505900054
1040,2129920,3.8296923637390137,,,0.00029121736946821603,216.5046951139998
1050,2150400,3.858211040496826,,,0.00029101978865572357,218.39245095399974
1060,2170880,3.6382956504821777,,,0.0002908200864528814,220.32052103399974
1070,2191360,3.7779464721679688,,,0.0002906182662214339,222.23538632600003
1080,2211840,3.6995270252227783,,,0.00029041433135878006,224.17193105700017
1090,2232320,4.100297927856445,,,0.000290208285297916,225.98928009200017
1100,2252800,3.787850856781006,3.8909469485282897,48.957224552144126,0.00029000013150737736,229.38437024800032
1110,2273280,4.154158115386963,,,0.0002897898734911808,231.56662661099972
1120,2293760,3.877009153366089,,,0.00028957751478876506,233.79688729000054
1130,2314240,3.84334397315979,,,0.00028936305897493144,235.86089566800047
1140,2334720,4.005468368530273,,,0.0002891465096597836,237.62222259700002
1150,2355200,3.935868978500366,,,0.00028892787048866674,239.43307324399984
1160,2375680,4.02398681640625,,,0.0002887071451421061,241.306822645
1170,2396160,3.9433252811431885,,,0.0002884843373357453,243.22352306099992
1180,2416640,3.9367330074310303,,,0.0002882594508202837,245.34710018000033
1190,2437120,3.7592222690582275,,,0.000288032489381413,247.4206072210004
1200,2457600,4.080473899841309,3.8560241937637327,47.277012975443384,0.00028780345683975396,251.2143661770001
1210,2478080,4.108125686645508,,,0.0002875723570507917,254.11417109400054
1220,2498560,4.100010395050049,,,0.00028733919390481094,256.9794046720003
1230,2519040,3.9826788902282715,,,0.0002871039713268305,259.8031128590005
1240,2539520,3.935520648956299,,,0.0002868666932765374,262.5157647359997
1250,2560000,3.758347511291504,,,0.0002866273637482199,265.1486234320005
1260,2580480,3.636969566345215,,,0.00028638598677070036,267.5185234530004
1270,2600960,3.7642102241516113,,,0.0002861425664072676,270.1890493850001
1280,2621440,3.7873778343200684,,,0.0002858971067556083,272.6410975929998
1290,2641920,3.842501640319824,,,0.00028564961194773805,275.10393173700004
1300,2662400,3.8083994388580322,3.8170856118202208,45.471493440445855,0.0002854000861499319,280.0508407100001
1310,2682880,3.800994396209717,,,0.0002851485335626541,284.23568110200046
1320,2703360,4.064122676849365,,,0.00028489495842048756,286.60074984400046
1330,2723840,3.9571895599365234,,,0.00028463936499206223,289.04518758200044
1340,2744320,3.8303165435791016,,,0.0002843817575799836,291.34339998100046
1350,2764800,3.60667085647583,,,0.0002841221405207601,293.91969849400044
1360,2785280,3.751138210296631,,,0.0002838605181847303,296.3444895630004
1370,2805760,3.7747631072998047,,,0.0002835968949759889,298.60918088400047
1380,2826240,3.835918426513672,,,0.0002833312753323129,300.86336316700044
1390,2846720,3.8000710010528564,,,0.00028306366372508716,303.2509945500004
1400,2867200,3.883171558380127,3.7873584628105164,44.13964961727289,0.00028279406465922844,308.08932856900043
1410,2887680,3.8100409507751465,,,0.0002825224826731103,310.5023398210005
1420,2908160,3.7034597396850586,,,0.00028224892233848605,312.8412655960004
1430,2928640,3.804013967514038,,,0.0002819733882604124,314.9919019750004
1440,2949120,3.8100104331970215,,,0.0002816958850771713,317.32173463600043
1450,2969600,3.864475965499878,,,0.00028141641746019254,319.78031862600045
1460,2990080,3.768705368041992,,,0.00028113499011397453,322.27952227300045
1470,3010560,3.7171285152435303,,,0.0002808516077760055,324.50874442400044
1480,3031040,3.703624725341797,,,0.00028056627521668337,326.94821072800045
1490,3051520,3.7830970287323,,,0.00028027899723923603,329.13436400800043
1500,3072000,3.8988137245178223,3.754943084716797,42.73178764954365,0.0002799897786796398,333.65192092000046
1510,3092480,3.9228034019470215,,,0.0002796986244065384,338.41074009600044
1520,3112960,3.7520458698272705,,,0.0002794055393211612,341.00182863500044
1530,3133440,3.8386027812957764,,,0.0002791105283572401,343.3079723860005
1540,3153920,3.7972378730773926,,,0.0002788135964809271,345.58303469300046
1550,3174400,3.5866143703460693,,,0.00027851474869071023,347.86601105000045
1560,3194880,3.4821536540985107,,,0.00027821399001732975,350.3627682350005
1570,3215360,4.189511299133301,,,0.0002779113255236933,352.77686125400044
1580,3235840,3.6589841842651367,,,0.0002776067603047906,355.01793328800045
1590,3256320,3.8190531730651855,,,0.0002773002994876079,357.3772070530004
1600,3276800,3.660148859024048,3.7048328518867493,40.64325330598507,0.00027699194823104146,362.06938089100043
1610,3297280,3.7668161392211914,,,0.00027668171172581086,364.51708948600043
1620,3317760,3.6373796463012695,,,0.00027636959519437143,366.7584970660004
1630,3338240,3.3903658390045166,,,0.00027605560389082665,368.94221791300043
1640,3358720,3.4297523498535156,,,0.0002757397431008394,371.30566124600045
1650,3379200,3.8872458934783936,,,0.00027542201814154306,373.85243926400045
1660,3399680,3.6700081825256348,,,0.00027510243436145213,376.17991244700045
1670,3420160,3.68587064743042,,,0.00027478099714037203,378.3616226970004
1680,3440640,3.783529758453369,,,0.0002744577118893088,380.5278811510005
1690,3461120,3.7814526557922363,,,0.00027413258405037746,382.9579477830004
1700,3481600,3.756303310394287,3.6245027661323546,37.50606923443804,0.0002738056190967112,387.44979415100045
1710,3502080,3.646273612976074,,,0.00027347682253236837,389.74833282300045
1720,3522560,3.4207205772399902,,,0.0002731461998922406,392.35659873200046
1730,3543040,3.682499885559082,,,0.0002728137567419592,394.88091951300044
1740,3563520,3.5547733306884766,,,0.0002724794986778015,397.15499477900045
1750,3584000,3.8074190616607666,,,0.0002721434313265967,399.60797453300046
1760,3604480,3.777712106704712,,,0.00027180556034563124,402.00837338900044
1770,3624960,3.5999021530151367,,,0.00027146589142255337,404.38411823900043
1780,3645440,3.889234781265259,,,0.0002711244302752777,406.76784216600043
1790,3665920,3.693814277648926,,,0.00027078118265188856,409.19490528600045
1800,3686400,3.751383066177368,3.5479389786720277,34.74164038715153,0.0002704361543305435,413.84317859000043
1810,3706880,3.7410144805908203,,,0.00027008935111937603,416.15981255800045
1820,3727360,3.803804874420166,,,0.00026974077885639775,418.73611824500045
1830,3747840,3.3188486099243164,,,0.0002693904434094,421.18074746600047
1840,3768320,3.5153915882110596,,,0.00026903835067585536,423.83945502100045
1850,3788800,3.378497362136841,,,0.000268684506582818,426.3795106020004
1860,3809280,3.554281234741211,,,0.0002683289170868243,428.6324999600004
1870,3829760,3.2862372398376465,,,0.00026797158817379226,430.8649534840004
1880,3850240,3.5207228660583496,,,0.0002676125258589209,433.2330668170004
1890,3870720,3.877931594848633,,,0.0002672517361865889,435.4736929050004
1900,3891200,3.3365960121154785,3.468148577213287,32.07729879214661,0.000266889225230253,440.4033480810005
1910,3911680,3.6431002616882324,,,0.00026652499909234566,442.7726630820004
1920,3932160,3.3481900691986084,,,0.0002661590639041722,445.2537310210004
1930,3952640,3.49760103225708,,,0.0002657914258258079,447.5558396420004
1940,3973120,3.5690605640411377,,,0.0002654220910459941,449.8662780510005
1950,3993600,3.335341453552246,,,0.00026505106578203393,452.2953980810004
1960,4014080,3.651597499847412,,,0.00026467835627968795,454.7357422230004
1970,4034560,3.520620822906494,,,0.00026430396881306874,457.2721394050005
1980,4055040,3.5777058601379395,,,0.00026392790968453534,459.5506819750005
1990,4075520,3.1574954986572266,,,0.00026355018522458717,461.8212787430004
2000,4096000,3.602194309234619,3.4127013444900514,30.347111636430228,0.0002631708017917576,466.3461635510004
2010,4116480,3.5116806030273438,,,0.00026278976577250686,471.1947096430005
2020,4136960,3.4507250785827637,,,0.00026240708358111407,473.5149030960005
2030,4157440,3.241079807281494,,,0.0002620227616595702,475.8914077160004
2040,4177920,3.551581621170044,,,0.00026163680647746867,478.35182401500043
2050,4198400,3.5348660945892334,,,0.00026124922453189716,480.6610006190005
2060,4218880,3.3303189277648926,,,0.0002608600223473277,483.1235070150005
2070,4239360,3.5180397033691406,,,0.0002604692064755071,485.57900650300047
2080,4259840,3.459338665008545,,,0.0002600767834953469,487.8554778020004
2090,4280320,3.3190152645111084,,,0.0002596827600128121,490.3494706550004
2100,4300800,3.3183913230895996,3.348650562763214,28.464296933434984,0.0002592871426608103,495.09675299900044
2110,4321280,3.4797720909118652,,,0.0002588899380990799,497.4306858610004
2120,4341760,3.217092990875244,,,0.0002584911530140782,499.6949746970004
2130,4362240,3.3132286071777344,,,0.0002580907941188686,502.3174696320004
2140,4382720,3.1867599487304688,,,0.00025768886815300755,504.85845691500043
2150,4403200,2.9812474250793457,,,0.00025728538188243155,507.1716878100005
2160,4423680,3.5241267681121826,,,0.0002568803420993426,509.4711000610004
2170,4444160,3.259819746017456,,,0.00025647375562209447,511.9863160240005
2180,4464640,3.356569290161133,,,0.0002560656292950775,514.3946847540005
2190,4485120,3.4561831951141357,,,0.00025565596998860363,517.1214596680004
2200,4505600,3.203751564025879,3.307511901855469,27.317073287392994,0.00025524478459879046,521.7121804600006
2210,4526080,3.265143871307373,,,0.00025483208004744564,524.2009337050006
2220,4546560,3.3678183555603027,,,0.00025441786328194983,526.8143810600004
2230,4567040,3.4906909465789795,,,0.00025400214127514,529.0093614220004
2240,4587520,3.2985024452209473,,,0.00025358492102519226,531.3457213260006
2250,4608000,3.315129041671753,,,0.00025316620955550346,533.8428970910004
2260,4628480,3.2054247856140137,,,0.00025274601391457374,536.1405685590005
2270,4648960,3.484001636505127,,,0.0002523243411758871,538.3945541660005
2280,4669440,3.2881975173950195,,,0.0002519011984377929,540.7715947950005
2290,4689920,3.1821508407592773,,,0.000251476592823386,543.0793068390005
2300,4710400,3.3580291271209717,3.2592613458633424,26.03030264884371,0.00025105053148038726,547.8594486740005
2310,4730880,3.2072455883026123,,,0.0002506230215810228,550.3051104160004
2320,4751360,3.692387580871582,,,0.0002501940703219032,552.7673838700005
2330,4771840,3.421619415283203,,,0.0002497636849239032,555.1072891480005
2340,4792320,3.1005282402038574,,,0.00024933187263203883,557.4165161060005
2350,4812800,3.365863084793091,,,0.00024889864071534666,559.8767791700004
2360,4833280,3.4325904846191406,,,0.00024846399646676076,562.2472170130004
2370,4853760,3.147744655609131,,,0.0002480279472029899,564.6598533750005
2380,4874240,3.424705982208252,,,0.00024759050026439486,567.1000587600004
2390,4894720,3.3447842597961426,,,0.00024715166301486445,569.4609357610004
2400,4915200,3.182128429412842,3.213409960269928,24.863726151517834,0.00024671144284169175,574.5033200340006
2410,4935680,3.409557819366455,,,0.00024626984715544955,576.7433883360004
2420,4956160,3.096785068511963,,,0.00024582688338986586,578.9565721600004
2430,4976640,3.219012498855591,,,0.00024538255900169865,581.2177139080004
2440,4997120,3.3756771087646484,,,0.00024493688147061017,583.7375662250004
2450,5017600,3.4458320140838623,,,0.0002444898582990414,586.2924641500006
2460,5038080,3.040754795074463,,,0.0002440414970120853,588.6361265640005
2470,5058560,3.0646190643310547,,,0.0002435918051573607,591.0006406550006
2480,5079040,3.3991963863372803,,,0.00024314079030488458,593.6446187720005
2490,5099520,3.255573272705078,,,0.0002426884600469453,596.0542495140005
2500,5120000,3.2186973094940186,3.181585764884949,24.084916300020026,0.00024223482199797422,600.6480504110004
2510,5140480,3.389169216156006,,,0.00024177988379441793,606.2973775870005
2520,5160960,3.4618446826934814,,,0.0002413236530946095,608.7546342710004
2530,5181440,3.0937070846557617,,,0.00024086613757863954,611.6124774230004
2540,5201920,3.009768486022949,,,0.00024040734494822715,613.9731568490004
2550,5222400,3.224717617034912,,,0.00023994728292658994,616.4988539130004
2560,5242880,2.971750497817993,,,0.00023948595925831425,618.9668593190004
2570,5263360,3.182556390762329,,,0.00023902338170922469,621.4143069820004
2580,5283840,2.9843311309814453,,,0.0002385595580662535,623.8690859960004
2590,5304320,3.2017312049865723,,,0.00023809449613730932,626.2784782120004
2600,5324800,3.166410446166992,3.14653993844986,23.25545989016703,0.0002376282037511458,630.8958790330005
2610,5345280,3.3327150344848633,,,0.00023716068875723,633.5036171220004
2620,5365760,3.21555233001709,,,0.00023669195902561,635.9942055130005
2630,5386240,3.3641817569732666,,,0.00023622202244678246,638.3699125040005
2640,5406720,3.040271282196045,,,0.00023575088693155992,640.8386693060004
2650,5427200,3.0812783241271973,,,0.0002352785604109376,643.1536721680004
2660,5447680,3.3522439002990723,,,0.0002348050508359598,645.5049030890004
2670,5468160,3.030573606491089,,,0.00023433036617758607,647.8349494820004
2680,5488640,3.308584213256836,,,0.00023385451442655713,650.1558727920005
2690,5509120,3.4238996505737305,,,0.00023337750359326024,652.4056347200005
2700,5529600,3.3339977264404297,3.104383611679077,22.295472070401605,0.00023289934170759444,656.8463178550005
2710,5550080,3.3832666873931885,,,0.00023242003681883533,659.3739591230005
2720,5570560,3.326292037963867,,,0.00023193959699549957,661.8357496600004
2730,5591040,3.023904800415039,,,0.00023145803032520912,664.4002099290005
2740,5611520,3.020263433456421,,,0.000230975344914555,667.0303710220005
2750,5632000,3.2902307510375977,,,0.00023049154888896077,669.4951050270004
2760,5652480,3.214062213897705,,,0.00023000665039254607,671.7724493960004
2770,5672960,3.270571708679199,,,0.00022952065758798906,674.2401121340006
2780,5693440,3.190342903137207,,,0.00022903357865638948,676.8209078410005
2790,5713920,3.071404218673706,,,0.0002285454217971305,679.2478122810005
2800,5734400,3.11000394821167,3.075049304962158,21.650949384436068,0.000228056195227741,683.9974157500005
2810,5754880,3.083160877227783,,,0.00022756590718375717,686.4254423800005
2820,5775360,3.0563769340515137,,,0.00022707456591858368,688.9430218160005
2830,5795840,3.114863395690918,,,0.00022658217970335508,691.4978062570005
2840,5816320,3.199463367462158,,,0.00022608875682679632,694.0000728800005
2850,5836800,3.019683361053467,,,0.00022559430559508322,696.2289138840006
2860,5857280,3.172325372695923,,,0.00022509883433170276,698.6773148210004
2870,5877760,3.0888924598693848,,,0.00022460235137731303,700.8966878040005
2880,5898240,2.9168968200683594,,,0.00022410486508960253,703.3496194930005
2890,5918720,3.4703941345214844,,,0.00022360638384314978,705.6920319610003
2900,5939200,3.2707855701446533,3.039763033390045,20.900289977374577,0.00022310691602928207,710.7805503610005
2910,5959680,3.0868468284606934,,,0.00022260647005593458,713.3793767600005
2920,5980160,3.0767369270324707,,,0.0002221050543475085,715.6181898420004
2930,6000640,2.9553756713867188,,,0.00022160267734472935,717.8471505140005
2940,6021120,3.299408435821533,,,0.0002210993475045048,720.1944421710004
2950,6041600,3.08817982673645,,,0.00022059507329978253,722.7302130310004
2960,6062080,3.2406837940216064,,,0.00022008986321940722,725.0486178850003
2970,6082560,3.4302263259887695,,,0.00021958372576797824,727.3598344800005
2980,6103040,3.05887508392334,,,0.0002190766694657058,729.7819750820004
2990,6123520,2.8328676223754883,,,0.000218568702848268,732.2303714320005
3000,6144000,3.3527913093566895,3.0117120027542112,20.32216175747455,0.0002180598344666669,736.9464651150004
3010,6164480,2.947113037109375,,,0.0002175500728870848,741.4558994900005
3020,6184960,3.2239198684692383,,,0.00021703942669073982,743.7733940470005
3030,6205440,2.8647854328155518,,,0.00021652790447374156,746.0280835760004
3040,6225920,2.9627175331115723,,,0.0002160155148469463,748.3349780830004
3050,6246400,3.257330894470215,,,0.0002155022664358122,750.7274789860005
3060,6266880,3.0618770122528076,,,0.00021498816788025396,752.9557664000004
3070,6287360,2.8828346729278564,,,0.0002144732278344975,755.2935442690004
3080,6307840,2.959634780883789,,,0.00021395745496693405,757.5287649830004
3090,6328320,2.9490418434143066,,,0.00021344085795997454,759.9180321840004
3100,6348800,2.97758150100708,2.981035614013672,19.70821618477987,0.00021292344550990323,765.0015486910004
3110,6369280,3.2445316314697266,,,0.00021240522632673143,767.4423915800005
3120,6389760,2.8633837699890137,,,0.00021188620913405068,769.9082812920005
3130,6410240,3.1773109436035156,,,0.00021136640266888627,772.4114324290003
3140,6430720,2.959157943725586,,,0.00021084581568154965,775.0098547610005
3150,6451200,3.184844493865967,,,0.00021032445693549168,777.4700499540004
3160,6471680,3.0957560539245605,,,0.0002098023352071547,779.8454380710004
3170,6492160,3.0338687896728516,,,0.00020927945928582493,782.3723999410004
3180,6512640,3.09431791305542,,,0.0002087558379734846,784.8191427240004
3190,6533120,3.17250919342041,,,0.0002082314800846636,787.0861453980006
3200,6553600,3.0374627113342285,2.9550155282020567,19.20202089037841,0.00020770639444629127,791.5424539250005
3210,6574080,2.935835123062134,,,0.00020718058989754764,793.9113277470005
3220,6594560,2.9996228218078613,,,0.0002066540752897148,796.2797765370005
3230,6615040,2.8745272159576416,,,0.00020612685948602778,798.7276468610005
3240,6635520,2.968259811401367,,,0.00020559895136152553,801.0223044690003
3250,6656000,3.0659871101379395,,,0.0002050703598029011,803.3720470740004
3260,6676480,2.8213682174682617,,,0.0002045410937083526,805.7451221270005
3270,6696960,2.9699368476867676,,,0.00020401116198743302,808.0346252320005
3280,6717440,2.9766652584075928,,,0.00020348057356090027,810.4996079110003
3290,6737920,3.1587581634521484,,,0.0002029493373605673,812.8265786400004
3300,6758400,3.1996397972106934,2.9380791425704955,18.879546542832923,0.00020241746232915145,817.4622069060003
3310,6778880,3.105069160461426,,,0.00020188495742012397,819.7986966820004
3320,6799360,2.937803030014038,,,0.00020135183159755937,822.1537562770004
3330,6819840,2.8108556270599365,,,0.00020081809383598443,824.4868875210004
3340,6840320,2.9375600814819336,,,0.00020028375312022733,826.9924110050003
3350,6860800,3.0120253562927246,,,0.00019974881844526612,829.6527225720004
3360,6881280,2.9005799293518066,,,0.00019921329881607752,832.3544526310004
3370,6901760,2.9920763969421387,,,0.0001986772032474851,834.8630969570004
3380,6922240,2.786186933517456,,,0.00019814054076400787,837.1611306960006
3390,6942720,2.815073251724243,,,0.00019760332039970796,839.6009282760006
3400,6963200,2.8814759254455566,2.914644014835358,18.44224606805449,0.00019706555119803896,844.1604864450005
3410,6983680,3.074105739593506,,,0.00019652724221169333,846.6428181950005
3420,7004160,3.282762050628662,,,0.00019598840250245012,849.0774805630003
3430,7024640,3.1193008422851562,,,0.00019544904114102263,851.4224517720004
3440,7045120,2.8864212036132812,,,0.00019490916720690536,853.6758770860004
3450,7065600,2.978515625,,,0.0001943687897882214,855.9277181380005
3460,7086080,2.920271873474121,,,0.00019382791798156946,858.1558609470005
3470,7106560,2.7959957122802734,,,0.00019328656089187063,860.5879685660004
3480,7127040,2.8314287662506104,,,0.00019274472763221512,862.9570734370004
3490,7147520,2.8852829933166504,,,0.00019220242732370898,865.4827349510003
3500,7168000,3.0498461723327637,2.885703074932098,17.916159571124105,0.00019165966909532028,871.1219339530005
3510,7188480,3.069185256958008,,,0.00019111646208372577,879.0833163640004
3520,7208960,2.7919230461120605,,,0.00019057281543315697,881.4579522590004
3530,7229440,2.8754286766052246,,,0.00019002873829524603,883.8467944810004
3540,7249920,2.791792154312134,,,0.00018948423982887187,886.3311940050005
3550,7270400,3.080052375793457,,,0.00018893932920000604,888.7028281870005
3560,7290880,3.1010947227478027,,,0.00018839401558155827,891.0705185580005
3570,7311360,2.934177875518799,,,0.0001878483081532222,893.6134293690004
3580,7331840,3.14475679397583,,,0.00018730221610132076,895.9680547160006
3590,7352320,2.783538818359375,,,0.00018675574861865148,898.3272396740003
3600,7372800,2.979084014892578,2.8722832202911377,17.67733340439899,0.0001862089149043319,903.2242826530005
3610,7393280,2.696221351623535,,,0.00018566172416364452,905.6132326150005
3620,7413760,2.968031406402588,,,0.00018511418560788218,908.1424179610005
3630,7434240,2.9344334602355957,,,0.0001845663084541925,910.5334515110005
3640,7454720,3.041378974914551,,,0.00018401810192542308,912.9843060310004
3650,7475200,2.75219464302063,,,0.00018346957524996617,915.2502310160005
3660,7495680,2.8013975620269775,,,0.00018292073766160329,917.7308083650005
3670,7516160,2.812028408050537,,,0.00018237159839934984,919.9863016390004
3680,7536640,2.9413609504699707,,,0.0001818221667072995,922.4175502640005
3690,7557120,2.737234592437744,,,0.00018127245183446858,924.8055388240005
3700,7577600,2.9041311740875244,2.8506203174591063,17.298509080275622,0.00018072246303464052,929.4191898890003
3710,7598080,2.838238477706909,,,0.00018017220956620996,931.9485001480004
3720,7618560,2.9864449501037598,,,0.00017962170069202681,934.6902055740004
3730,7639040,2.815579414367676,,,0.00017907094567924057,937.1408186350006
3740,7659520,3.219745397567749,,,0.00017851995379914408,939.5106119600005
3750,7680000,2.957960605621338,,,0.0001779687343270176,941.9135597360005
3760,7700480,2.7017083168029785,,,0.00017741729654197264,944.1475368990007
3770,7720960,2.99898624420166,,,0.0001768656497267957,946.4920689830005
3780,7741440,2.6840977668762207,,,0.00017631380316779206,948.7946246760005
3790,7761920,2.8269920349121094,,,0.00017576176615462949,951.1939631270004
3800,7782400,3.06416654586792,2.8337404847145082,17.008963753562874,0.0001752095479801818,955.6686774070006
3810,7802880,2.8497538566589355,,,0.0001746571579403724,958.0378398620005
3820,7823360,2.9860897064208984,,,0.00017410460533401781,960.4252045570004
3830,7843840,2.9230592250823975,,,0.00017355189946267126,962.6700647790005
3840,7864320,2.7912075519561768,,,0.00017299904963046604,964.9646587100005
3850,7884800,2.739104747772217,,,0.00017244606514395873,967.5443481600005
3860,7905280,3.0447354316711426,,,0.00017189295531197264,969.8958984160006
3870,7925760,2.8089041709899902,,,0.00017133972944544123,972.3350552290005
3880,7946240,2.9810166358947754,,,0.00017078639685725114,974.7341781760003
3890,7966720,3.265066623687744,,,0.0001702329668620857,977.2676185610005
3900,7987200,3.1795196533203125,2.8216566920280455,16.804667782734498,0.00016967944877626786,981.7626935010005
3910,8007680,2.712796926498413,,,0.00016912585191760341,984.1198828340005
3920,8028160,3.009996175765991,,,0.00016857218560522433,986.4295094060005
3930,8048640,2.8109073638916016,,,0.00016801845915943162,988.6613404980005
3940,8069120,2.819110155105591,,,0.00016746468190153872,990.9884382230005
3950,8089600,2.7393784523010254,,,0.0001669108631537143,993.5532682330006
3960,8110080,2.827498197555542,,,0.00016635701223882552,995.9599964950005
3970,8130560,2.715318202972412,,,0.00016580313848028102,998.3258422490005
3980,8151040,3.164994716644287,,,0.0001652492512018739,1000.9393456430005
3990,8171520,2.611870765686035,,,0.00016469535972762504,1003.3613015100007
4000,8192000,2.7505390644073486,2.800019919872284,16.444974349623134,0.0001641414733816258,1007.8267646730005
4010,8212480,2.8431649208068848,,,0.0001635876014878813,1012.3151724240004
4020,8232960,2.8982324600219727,,,0.00016303375337015322,1014.6298342510006
4030,8253440,3.039327621459961,,,0.00016247993835180326,1016.9416081040006
4040,8273920,3.0733675956726074,,,0.00016192616575563565,1019.1640379410005
4050,8294400,2.670520305633545,,,0.0001613724449037407,1021.7771008370005
4060,8314880,3.1145968437194824,,,0.00016081878511733762,1024.0810663950003
4070,8335360,2.8934082984924316,,,0.0001602651957166175,1026.6643566950004
4080,8355840,2.884744167327881,,,0.00015971168602058687,1028.9687587330006
4090,8376320,2.7994139194488525,,,0.00015915826534691028,1031.2476779370006
4100,8396800,2.9787826538085938,2.7856677293777468,16.2106385833229,0.00015860494301175374,1035.6756671320006
4110,8417280,3.0439484119415283,,,0.00015805172832962793,1038.0337693190006
4120,8437760,2.7225327491760254,,,0.00015749863061323131,1040.2877248110005
4130,8458240,2.8133277893066406,,,0.0001569456591732933,1042.4963172830005
4140,8478720,2.8312177658081055,,,0.00015639282331841766,1044.9027309390005
4150,8499200,2.8262152671813965,,,0.00015584013235492568,1047.4616952510005
4160,8519680,2.6531331539154053,,,0.00015528759558669966,1049.7335210570006
4170,8540160,2.872326612472534,,,0.00015473522231502617,1052.0166612130004
4180,8560640,2.9278805255889893,,,0.00015418302183843954,1054.2227058620003
4190,8581120,2.610717535018921,,,0.00015363100345256524,1056.4355337590005
4200,8601600,2.9014434814453125,2.7686341643333434,15.936852016969883,0.00015307917644996348,1060.9806540840007
4210,8622080,3.051149845123291,,,0.0001525275501199728,1063.2656790290005
4220,8642560,2.801831007003784,,,0.00015197613374855372,1065.6804319680004
4230,8663040,2.8774936199188232,,,0.00015142493661813222,1068.0921975770004
4240,8683520,2.795811891555786,,,0.00015087396800744372,1070.2935490430007
4250,8704000,3.1459662914276123,,,0.00015032323719137673,1072.7732247790007
4260,8724480,2.8552918434143066,,,0.00014977275344081682,1075.2887590340003
4270,8744960,2.8934578895568848,,,0.00014922252602249056,1077.6271997150004
4280,8765440,2.831145763397217,,,0.00014867256419880934,1080.0707299690005
4290,8785920,2.8573179244995117,,,0.0001481228772277137,1082.5534767570005
4300,8806400,2.8062753677368164,2.7543457984924316,15.710759537553445,0.00014757347436251728,1087.1708908810006
4310,8826880,2.8427748680114746,,,0.00014702436485175126,1089.4507135370006
4320,8847360,3.3513636589050293,,,0.0001464755579390084,1091.7023085640005
4330,8867840,2.8679840564727783,,,0.00014592706286278782,1094.2911170810005
4340,8888320,2.734370708465576,,,0.000145378888856339,1096.9227344690005
4350,8908800,2.8448877334594727,,,0.0001448310451475067,1099.3006138820003
4360,8929280,2.574770927429199,,,0.00014428354095857558,1101.7269736050005
4370,8949760,2.831615447998047,,,0.0001437363855061148,1104.1744584630005
4380,8970240,2.5739119052886963,,,0.00014318958800082305,1106.3919452740004
4390,8990720,3.0418412685394287,,,0.00014264315764737331,1108.6880040910005
4400,9011200,2.7179720401763916,2.741616356372833,15.512037825010784,0.00014209710364425813,1113.4223260410006
4410,9031680,2.58640456199646,,,0.00014155143518363453,1115.7631727900005
4420,9052160,2.538386821746826,,,0.0001410061614511695,1118.0167376160005
4430,9072640,3.0259294509887695,,,0.00014046129162588515,1120.2528217170004
4440,9093120,2.8907222747802734,,,0.0001399168348800044,1122.5007900770004
4450,9113600,2.910966634750366,,,0.00013937280037879646,1124.9840666490006
4460,9134080,2.6180691719055176,,,0.00013882919728042256,1127.3634936890005
4470,9154560,2.90084171295166,,,0.0001382860347357817,1129.7440629750006
4480,9175040,2.8326401710510254,,,0.00013774332188835675,1132.0112470950005
4490,9195520,2.9308953285217285,,,0.00013720106787406064,1134.2747043100005
4500,9216000,2.6236538887023926,2.7298016786575316,15.32984648268117,0.0001366592818210821,1138.8775280830005
4510,9236480,2.7976531982421875,,,0.00013611797284973247,1144.4636373930005
4520,9256960,2.721895456314087,,,0.00013557715007229203,1146.7433558830005
4530,9277440,2.7983498573303223,,,0.0001350368225928564,1149.2783406710005
4540,9297920,2.7330069541931152,,,0.00013449699950718373,1151.7262867110005
4550,9318400,2.519516706466675,,,0.0001339576899025411,1154.2275296570006
4560,9338880,2.838491439819336,,,0.0001334189028575518,1156.4278690730005
4570,9359360,2.795682907104492,,,0.0001328806474420425,1158.8843829290006
4580,9379840,2.635586738586426,,,0.00013234293271689049,1161.3726656650003
4590,9400320,2.7924740314483643,,,0.00013180576773387122,1163.8792100660005
4600,9420800,2.7621877193450928,2.718957233428955,15.164500962764876,0.00013126916153550594,1168.4046987550005
4610,9441280,3.030974864959717,,,0.00013073312315490938,1171.0189808830005
4620,9461760,2.8339388370513916,,,0.00013019766161563766,1173.6205550530005
4630,9482240,3.0771377086639404,,,0.00012966278593153674,1175.9874742560005
4640,9502720,2.939952850341797,,,0.0001291285051065901,1178.2769592360005
4650,9523200,2.747241973876953,,,0.00012859482813476776,1180.8551574490004
4660,9543680,2.6636452674865723,,,0.00012806176399987444,1183.3329858550005
4670,9564160,2.7566518783569336,,,0.0001275293216753985,1185.8101024480004
4680,9584640,2.8636765480041504,,,0.000126997510124361,1188.2684442490006
4690,9605120,2.586120128631592,,,0.00012646633829916453,1190.6525416290006
4700,9625600,2.916323184967041,2.7067644000053406,14.980725377867634,0.00012593581514144277,1195.4839738590006
4710,9646080,2.7473556995391846,,,0.00012540594958190986,1197.8400003710005
4720,9666560,2.710907459259033,,,0.00012487675054021006,1200.4769551310005
4730,9687040,2.6485347747802734,,,0.00012434822692476761,1202.8880191130004
4740,9707520,3.005168914794922,,,0.0001238203876326368,1205.4071845380006
4750,9728000,2.9100852012634277,,,0.00012329324154935207,1207.7613912970005
4760,9748480,2.644003391265869,,,0.00012276679754877863,1210.0418582720006
4770,9768960,2.6379895210266113,,,0.00012224106449296293,1212.5744738590004
4780,9789440,3.0216102600097656,,,0.0001217160512319836,1215.0781390620007
4790,9809920,2.7214341163635254,,,0.00012119176660380227,1217.3568006370006
4800,9830400,3.10103440284729,2.700948643684387,14.893853985836763,0.00012066821943411505,1221.8215642550006
4810,9850880,2.7051424980163574,,,0.00012014541853620364,1224.1927374080005
4820,9871360,2.8497447967529297,,,0.00011962337271078746,1226.6309685690005
4830,9891840,2.7245328426361084,,,0.00011910209074587494,1228.9176108070005
4840,9912320,2.6613128185272217,,,0.00011858158141661592,1231.2550456900005
4850,9932800,2.891063690185547,,,0.00011806185348515391,1233.5434280020006
4860,9953280,2.561580181121826,,,0.00011754291570047841,1235.7890084190005
4870,9973760,2.578608274459839,,,0.00011702477679827795,1238.0424697890005
4880,9994240,2.7018680572509766,,,0.00011650744550079268,1240.2733866580004
4890,10014720,2.6029818058013916,,,0.00011599093051666777,1242.5675991090004
4900,10035200,2.627216100692749,2.686288332939148,14.677098194009611,0.0001154752405408067,1246.9754321790006
4910,10055680,2.8158013820648193,,,0.00011496038425422502,1249.2274676330005
4920,10076160,2.7083261013031006,,,0.00011444637032390402,1251.6389639980005
4930,10096640,2.905121326446533,,,0.00011393320740264503,1254.0062562160006
4940,10117120,2.8794565200805664,,,0.00011342090412892367,1256.3768174310005
4950,10137600,2.6199209690093994,,,0.00011290946912674437,1258.8321568900005
4960,10158080,2.3583476543426514,,,0.00011239891100549534,1261.2654244670005
4970,10178560,2.7076637744903564,,,0.00011188923835980348,1263.6668892340006
4980,10199040,2.5125441551208496,,,0.0001113804597693899,1266.1270232550005
4990,10219520,2.9308671951293945,,,0.00011087258379892522,1268.6012819250004
5000,10240000,2.971191644668579,2.6781777858734133,14.55854033277903,0.0001103656189978857,1273.1356190130005
5010,10260480,2.7179267406463623,,,0.00010985957390040907,1277.1971808240003
5020,10280960,2.843017816543579,,,0.000109354457025151,1279.7469627460002
5026,10293248,2.7673871517181396,,,0.00010905183598457591,1281.4830786270006
5030,10301440,2.859882354736328,,,0.00010885027687514162,1284.202890935001
5040,10321920,2.6933088302612305,,,0.00010834704193764248,1286.5980578690005
5050,10342400,2.7594263553619385,,,0.00010784476068400367,1288.9641629100006
5060,10362880,2.996922492980957,,,0.00010734344156952105,1291.565931909001
5070,10383360,2.7376492023468018,,,0.0001068430930332941,1294.138708321001
5080,10403840,3.126488447189331,,,0.00010634372349808373,1296.6730889950004
5090,10424320,2.6637117862701416,,,0.00010584534137017068,1299.0792086560004
5100,10444800,2.902287721633911,2.6682186484336854,14.414269428017777,0.0001053479550392138,1304.309276123001
5110,10465280,2.872401237487793,,,0.00010485157287810891,1306.890298100001
5120,10485760,2.818963050842285,,,0.00010435620324284786,1309.2788496490011
5130,10506240,2.523801803588867,,,0.00010386185447237777,1311.5538822440003
5140,10526720,2.679326057434082,,,0.00010336853488846095,1314.2925106540006
5150,10547200,2.8307383060455322,,,0.0001028762527955344,1316.764698113001
5160,10567680,2.8642232418060303,,,0.00010238501648057032,1319.1254178150011
5170,10588160,2.5787858963012695,,,0.00010189483421293641,1321.616099228001
5180,10608640,2.815120220184326,,,0.0001014057142442569,1324.0784327950005
5190,10629120,2.483983039855957,,,0.00010091766480827333,1326.640508497001
5200,10649600,3.0016164779663086,2.6606189012527466,14.30513982849177,0.00010043069412070636,1331.1909086080004
5210,10670080,2.5210189819335938,,,9.9944810379117e-05,1333.5760483940012
5220,10690560,2.9274957180023193,,,9.946002176276897e-05,1336.0176122500006
5230,10711040,2.717451572418213,,,9.897633643249082e-05,1338.3785297980012
5240,10731520,2.7740564346313477,,,9.84937625305386e-05,1340.851288875001
5250,10752000,2.6240687370300293,,,9.801230818045895e-05,1343.3033695490003
5260,10772480,2.609269142150879,,,9.753198148695208e-05,1345.732400156001
5270,10792960,2.7902307510375977,,,9.705279053573548e-05,1348.0411480770008
5280,10813440,3.02500581741333,,,9.657474339340783e-05,1350.322892129001
5290,10833920,2.717271327972412,,,9.609784810731316e-05,1353.157696966001
5300,10854400,2.8776450157165527,2.6491685271263123,14.142274837510351,9.562211270540538e-05,1357.9553954190005
5310,10874880,2.605154514312744,,,9.514754519611325e-05,1360.7163200570003
5320,10895360,2.8356800079345703,,,9.467415356820536e-05,1363.2557170180007
5330,10915840,2.7352066040039062,,,9.420194579065581e-05,1365.7087320090004
5340,10936320,2.658379316329956,,,9.373092981250994e-05,1368.5498027950007
5350,10956800,2.5525505542755127,,,9.326111356275077e-05,1371.0377502690008
5360,10977280,2.9350767135620117,,,9.279250495016518e-05,1373.4173988380007
5370,10997760,2.748767375946045,,,9.2325111863211e-05,1375.9103421600012
5380,11018240,2.6078834533691406,,,9.185894216988414e-05,1378.4175346540005
5390,11038720,2.730681896209717,,,9.139400371758626e-05,1380.8593016110008
5400,11059200,2.7373151779174805,2.646532106399536,14.105038957296154,9.093030433299241e-05,1385.5877993510012
5410,11079680,2.796266555786133,,,9.046785182191957e-05,1388.261707310001
5420,11100160,2.550466299057007,,,9.000665396919503e-05,1390.9843780340007
5430,11120640,2.831418752670288,,,8.954671853852545e-05,1393.477839950001
5440,11141120,2.726064920425415,,,8.908805327236621e-05,1395.874631736001
5450,11161600,2.696898937225342,,,8.863066589179094e-05,1398.1873675360011
5460,11182080,2.9346776008605957,,,8.817456409636162e-05,1400.6711569180006
5470,11202560,2.624009609222412,,,8.7719755563999e-05,1403.268310765001
5480,11223040,2.643558979034424,,,8.726624795085325e-05,1406.0558515010007
5490,11243520,2.650923252105713,,,8.681404889117517e-05,1408.975217174001
5500,11264000,2.7400498390197754,2.637589156627655,13.979460659515425,8.636316599718776e-05,1413.715246920001
5510,11284480,2.44105863571167,,,8.59136068589578e-05,1418.712312085001
5520,11304960,2.6806507110595703,,,8.546537904426833e-05,1421.4454424690011
5530,11325440,2.582258462905884,,,8.501849009849108e-05,1423.8615030580004
5540,11345920,2.4496614933013916,,,8.457294754445977e-05,1426.4037166350008
5550,11366400,3.0166056156158447,,,8.412875888234301e-05,1428.8650754580003
5560,11386880,2.7695164680480957,,,8.36859315895184e-05,1431.5607619290004
5570,11407360,2.7375974655151367,,,8.32444731204465e-05,1433.9970058280005
5580,11427840,2.7518625259399414,,,8.280439090654538e-05,1436.3604541890008
5590,11448320,2.650639057159424,,,8.236569235606555e-05,1438.818023324001
5600,11468800,2.9633960723876953,2.6307526350021364,13.884215717419847,8.192838485396516e-05,1443.5524361370008
5610,11489280,2.6320626735687256,,,8.149247576178588e-05,1445.9662225660004
5620,11509760,2.5161919593811035,,,8.105797241752867e-05,1448.2947782130004
5630,11530240,2.502047061920166,,,8.062488213553062e-05,1450.7578013730008
5640,11550720,2.666327714920044,,,8.019321220634146e-05,1453.354332193001
5650,11571200,2.878168821334839,,,7.97629698966011e-05,1455.8411467300011
5660,11591680,2.7656872272491455,,,7.933416244891718e-05,1458.241485589001
5670,11612160,2.633758544921875,,,7.890679708174314e-05,1460.8420698500004
5680,11632640,2.8760440349578857,,,7.84808809892568e-05,1463.4475858590004
5690,11653120,2.6324431896209717,,,7.805642134123919e-05,1466.075242316001
5700,11673600,2.8274197578430176,2.619603765010834,13.730282088918782,7.763342528295383e-05,1470.8124136190008
5710,11694080,2.787348747253418,,,7.721189993502642e-05,1473.2109644150005
5720,11714560,2.810894727706909,,,7.679185239332528e-05,1475.6981084590007
5730,11735040,2.7787222862243652,,,7.637328972884142e-05,1478.070565080001
5740,11755520,2.622386932373047,,,7.595621898756979e-05,1480.4710438680004
5750,11776000,2.464627504348755,,,7.554064719039067e-05,1483.2638319780008
5760,11796480,2.743504285812378,,,7.51265813329514e-05,1485.7774679010008
5770,11816960,2.6727046966552734,,,7.471402838554863e-05,1488.2745985180009
5780,11837440,2.7915656566619873,,,7.430299529301106e-05,1490.7176076970009
5790,11857920,2.944223165512085,,,7.389348897458244e-05,1493.0519746930004
5800,11878400,2.8713862895965576,2.615996241569519,13.680839011579334,7.348551632380514e-05,1497.8519936280009
5810,11898880,2.613952159881592,,,7.307908420840399e-05,1500.5540130080008
5820,11919360,2.761138916015625,,,7.267419947017107e-05,1502.9663745470007
5830,11939840,2.866041660308838,,,7.227086892484993e-05,1505.2247371700005
5840,11960320,2.6690621376037598,,,7.186909936202131e-05,1507.820497830001
5850,11980800,2.52213191986084,,,7.146889754498866e-05,1510.4464805450007
5860,12001280,2.7163121700286865,,,7.107027021066437e-05,1512.8460421640011
5870,12021760,2.439833641052246,,,7.067322406945627e-05,1515.2376033030005
5880,12042240,2.4157869815826416,,,7.027776580515477e-05,1517.5150486450011
5890,12062720,2.6230838298797607,,,6.988390207482025e-05,1519.736104210001
5900,12083200,2.4575283527374268,2.6119086503982545,13.625031471728246,6.949163950867108e-05,1524.3343280750005
5910,12103680,2.726282835006714,,,6.910098470997198e-05,1526.958761150001
5920,12124160,2.995650291442871,,,6.871194425492283e-05,1529.5346383880005
5930,12144640,2.5745513439178467,,,6.832452469254801e-05,1532.1705150020007
5940,12165120,2.4297633171081543,,,6.793873254458613e-05,1534.6639229930006
5950,12185600,2.6470720767974854,,,6.755457430538025e-05,1537.227522725001
5960,12206080,2.6325721740722656,,,6.717205644176854e-05,1539.657796413001
5970,12226560,2.6349382400512695,,,6.679118539297546e-05,1542.1290036770006
5980,12247040,2.641453742980957,,,6.641196757050332e-05,1545.0352651360008
5990,12267520,2.831613779067993,,,6.603440935802434e-05,1547.6473763600006
6000,12288000,2.4958572387695312,2.6038740515708922,13.515998414828053,6.565851711127334e-05,1552.1917357540005
6010,12308480,2.6014723777770996,,,6.52842971579405e-05,1557.214023845001
6020,12328960,2.605867385864258,,,6.491175579756504e-05,1559.8162956510005
6030,12349440,2.796039342880249,,,6.454089930142901e-05,1562.2087723350005
6040,12369920,2.944650888442993,,,6.417173391245196e-05,1564.5067365140012
6050,12390400,2.725511312484741,,,6.38042658450856e-05,1567.0431091930004
6060,12410880,2.5937554836273193,,,6.343850128520928e-05,1569.7158060010006
6070,12431360,2.6642727851867676,,,6.307444639002591e-05,1572.2204924980006
6080,12451840,2.747364044189453,,,6.271210728795821e-05,1574.6039573200005
6090,12472320,2.746924877166748,,,6.235149007854574e-05,1577.4779175860003
6100,12492800,2.821490526199341,2.6011407375335693,13.479105389713078,6.199260083234193e-05,1582.7374796520007
6110,12513280,2.829680919647217,,,6.163544559081211e-05,1585.3009402300004
6120,12533760,2.595045566558838,,,6.128003036623174e-05,1587.559089327001
6130,12554240,2.445408344268799,,,6.0926361141585216e-05,1589.8140819980008
6140,12574720,2.6400115489959717,,,6.057444387046509e-05,1592.1255950330005
6150,12595200,2.608637809753418,,,6.022428447697202e-05,1595.0761160600005
6160,12615680,2.7557332515716553,,,5.9875888855614774e-05,1597.337239110001
6170,12636160,2.710550546646118,,,5.952926287121127e-05,1599.5652306300008
6180,12656640,2.5498080253601074,,,5.918441235878962e-05,1602.0454621240006
6190,12677120,2.85785174369812,,,5.8841343123490166e-05,1604.521288072001
6200,12697600,2.840402603149414,2.5948548316955566,13.394642742687179,5.850006094046753e-05,1608.901195546001
6210,12718080,2.759584903717041,,,5.816057155479344e-05,1611.1402265690003
6220,12738560,2.549846649169922,,,5.782288068136009e-05,1613.7475107460004
6230,12759040,2.809213638305664,,,5.748699400478393e-05,1616.0560392980005
6240,12779520,2.4181652069091797,,,5.715291717930989e-05,1618.2955771450006
6250,12800000,2.519690990447998,,,5.6820655828716246e-05,1620.9830140190006
6260,12820480,2.324448347091675,,,5.649021554622007e-05,1623.3515247510004
6270,12840960,2.7327799797058105,,,5.6161601894382784e-05,1625.8053412580011
6280,12861440,2.7355334758758545,,,5.5834820405016885e-05,1628.413474598001
6290,12881920,2.6615209579467773,,,5.550987657909249e-05,1630.8380663450007
6300,12902400,2.947067975997925,2.590929079055786,13.342161769641532,5.518677588664493e-05,1635.4158725400011
6310,12922880,2.497620105743408,,,5.486552376668264e-05,1637.7651572030009
6320,12943360,3.099874496459961,,,5.454612562709552e-05,1640.1257205290003
6330,12963840,2.695063829421997,,,5.4228586844564035e-05,1642.4655900750004
6340,12984320,2.653374671936035,,,5.3912912764468576e-05,1644.7590062820009
6350,13004800,2.499318838119507,,,5.359910870079955e-05,1647.247598707001
6360,13025280,2.504310131072998,,,5.32871799360678e-05,1649.5232598680004
6370,13045760,2.831328868865967,,,5.2977131721216065e-05,1652.1125192080008
6380,13066240,2.468200206756592,,,5.266896927553003e-05,1654.7332011570006
6390,13086720,2.560835361480713,,,5.236269778655083e-05,1657.062641204001
6400,13107200,2.762369155883789,2.584125781059265,13.251699138244952,5.2058322409987666e-05,1661.800572567001
6410,13127680,2.455127716064453,,,5.1755848269630965e-05,1664.084052862001
6420,13148160,2.6137332916259766,,,5.145528045726611e-05,1666.3062500370006
6430,13168640,2.635167121887207,,,5.115662403258783e-05,1668.5424574670005
6440,13189120,2.8580825328826904,,,5.085988402311493e-05,1670.8293856200007
6450,13209600,2.9431686401367188,,,5.056506542410568e-05,1673.0569809300005
6460,13230080,2.5200653076171875,,,5.0272173198473707e-05,1675.7522747050007
6470,13250560,2.6836555004119873,,,4.9981212276704564e-05,1678.4160154830006
6480,13271040,2.7288992404937744,,,4.9692187556772594e-05,1680.6716546880007
6490,13291520,2.4672365188598633,,,4.940510390405853e-05,1682.919130964001
6500,13312000,2.7224807739257812,2.5817973375320435,13.220879200328866,4.9119966151267566e-05,1687.5206983340004
6510,13332480,2.6447174549102783,,,4.883677909834808e-05,1692.0737846730008
6520,13352960,2.3245041370391846,,,4.855554751241076e-05,1694.5980771000004
6530,13373440,2.406843662261963,,,4.8276276127648344e-05,1696.8831743530009
6540,13393920,2.725452423095703,,,4.7998969645256e-05,1699.205178905001
6550,13414400,2.6266729831695557,,,4.772363273335215e-05,1701.6301111130006
6560,13434880,2.6159801483154297,,,4.745027002689989e-05,1704.1083323310004
6570,13455360,2.798595428466797,,,4.7178886127628944e-05,1706.3951386450008
6580,13475840,2.539914131164551,,,4.690948560395816e-05,1708.917316629001
6590,13496320,2.564800500869751,,,4.664207299091881e-05,1711.5243016620007
6600,13516800,2.8112316131591797,2.577177941799164,13.159947569374667,4.637665279007796e-05,1716.4062700120012
6610,13537280,2.42029070854187,,,4.61132294694629e-05,1718.844622597001
6620,13557760,2.5669047832489014,,,4.585180746348584e-05,1721.408057601001
6630,13578240,2.86934232711792,,,4.559239117286926e-05,1723.9338220570007
6640,13598720,2.5015597343444824,,,4.533498496457191e-05,1726.2377048490007
6650,13619200,2.5604326725006104,,,4.507959317171522e-05,1728.7087241690006
6660,13639680,2.7881622314453125,,,4.482622009351039e-05,1730.9446080870011
6670,13660160,2.6174957752227783,,,4.4574869995185956e-05,1733.3763198600009
6680,13680640,2.710493564605713,,,4.432554710791609e-05,1735.6185137700004
6690,13701120,2.716703414916992,,,4.407825562874929e-05,1737.9915168330008
6700,13721600,2.4482460021972656,2.5734104752540587,13.110461184854096,4.383299972053782e-05,1742.6024673480006
6710,13742080,2.52120304107666,,,4.3589783511867506e-05,1744.8898720570005
6720,13762560,2.3247828483581543,,,4.334861109698835e-05,1747.2905136930003
6730,13783040,2.740433692932129,,,4.31094865357455e-05,1749.8505691770006
6740,13803520,2.8017210960388184,,,4.287241385351109e-05,1752.2192034630007
6750,13824000,2.765603542327881,,,4.2637397041116265e-05,1754.5643825570005
6760,13844480,2.7422704696655273,,,4.2404440054784085e-05,1756.9098319010009
6770,13864960,2.768784761428833,,,4.2173546816063e-05,1759.463323293001
6780,13885440,2.856058120727539,,,4.194472121176071e-05,1761.8452420870008
6790,13905920,2.5228517055511475,,,4.171796709387887e-05,1764.1214507390005
6800,13926400,2.6602888107299805,2.569314455986023,13.056870312776564,4.149328827954805e-05,1768.8878949880009
6810,13946880,2.72786021232605,,,4.127068855096376e-05,1771.3470278800005
6820,13967360,2.6588926315307617,,,4.105017165532247e-05,1773.7943780100004
6830,13987840,2.579169511795044,,,4.083174130475882e-05,1776.400732389001
6840,14008320,2.825249195098877,,,4.061540117628289e-05,1778.7171837720007
6850,14028800,2.697223663330078,,,4.040115491171846e-05,1781.2260041550007
6860,14049280,2.7652840614318848,,,4.018900611764161e-05,1783.7503408500006
6870,14069760,2.330043315887451,,,3.997895836532008e-05,1786.2327731450005
6880,14090240,2.8437142372131348,,,3.9771015190653114e-05,1788.6035564310005
6890,14110720,2.3456625938415527,,,3.956518009411192e-05,1791.199421616001
6900,14131200,2.4656999111175537,2.564402461051941,12.99289229044283,3.936145654068077e-05,1795.8758212010007
6910,14151680,2.586862087249756,,,3.9159847959798734e-05,1798.2078757870004
6920,14172160,2.3371071815490723,,,3.8960357745301786e-05,1800.6664294460006
6930,14192640,2.717019557952881,,,3.8762989255365856e-05,1803.0362553330006
6940,14213120,2.565990924835205,,,3.856774581245015e-05,1805.3947876170005
6950,14233600,2.8922178745269775,,,3.8374630703241304e-05,1807.7101363680003
6960,14254080,2.609314441680908,,,3.818364717859804e-05,1810.123585528001
6970,14274560,2.779958724975586,,,3.7994798453496445e-05,1812.6222570440004
6980,14295040,2.890014171600342,,,3.780808770697584e-05,1815.258996679001
6990,14315520,2.669260025024414,,,3.7623518082085264e-05,1817.7697656980008
7000,14336000,2.7272496223449707,2.561791515350342,12.959012802164382,3.7441092685830564e-05,1822.6232598180004
7010,14356480,2.4397668838500977,,,3.7260814589122066e-05,1829.9921712630012
7020,14376960,2.6495819091796875,,,3.708268682672302e-05,1832.3055750680005
7030,14397440,2.4584197998046875,,,3.690671239719832e-05,1834.6945901860008
7040,14417920,2.4338951110839844,,,3.6732894262864124e-05,1837.129805730001
7050,14438400,2.626542806625366,,,3.6561235349737967e-05,1839.6559874130007
7060,14458880,2.758333206176758,,,3.639173854748952e-05,1842.025068592001
7070,14479360,2.5270450115203857,,,3.6224406709391945e-05,1844.4333034300007
7080,14499840,2.529639720916748,,,3.605924265227386e-05,1846.7735189310006
7090,14520320,2.642605781555176,,,3.589624915647192e-05,1849.3186905700004
7100,14540800,2.693361282348633,2.5583319544792174,12.91425776956317,3.5735428965784005e-05,1854.022226565001
7110,14561280,2.7595129013061523,,,3.5576784787423015e-05,1856.316666560001
7120,14581760,2.759458303451538,,,3.542031929197137e-05,1858.5810915440006
7130,14602240,2.585958242416382,,,3.526603511333598e-05,1860.9113159340004
7140,14622720,2.6032865047454834,,,3.511393484870392e-05,1863.1529563370004
7150,14643200,2.6470088958740234,,,3.4964021058498755e-05,1865.6588119510006
7160,14663680,2.380591869354248,,,3.481629626633736e-05,1867.9512650190009
7170,14684160,2.5230860710144043,,,3.4670762958987484e-05,1870.2439722880008
7180,14704640,2.479123115539551,,,3.4527423586325944e-05,1872.6883317870006
7190,14725120,2.5360097885131836,,,3.438628056129727e-05,1874.9913176690006
7200,14745600,2.6945695877075195,2.5580772519111634,12.910968893805082,3.4247336259873135e-05,1879.7412915970008
7210,14766080,2.7246651649475098,,,3.411059302101244e-05,1882.6063278210004
7220,14786560,2.383619546890259,,,3.3976053146621796e-05,1885.3648940950006
7230,14807040,2.6294829845428467,,,3.3843718901516836e-05,1887.9836730290008
7240,14827520,2.7177865505218506,,,3.371359251338417e-05,1890.8739274530008
7250,14848000,2.6130776405334473,,,3.3585676172743764e-05,1893.6888772210004
7260,14868480,2.3152222633361816,,,3.345997203291211e-05,1896.2266479460004
7270,14888960,2.3441362380981445,,,3.3336482209965996e-05,1898.805336677001
7280,14909440,2.398951768875122,,,3.321520878270686e-05,1901.719074773001
7290,14929920,2.5823750495910645,,,3.30961537926258e-05,1904.1059418950008
7300,14950400,2.6482086181640625,2.5545422434806824,12.865409084518781,3.2979319243869266e-05,1909.168760679001
7310,14970880,2.738884449005127,,,3.286470710320521e-05,1911.6007086630007
7320,14991360,2.6390953063964844,,,3.2752319299990054e-05,1914.042794324001
7330,15011840,2.698240041732788,,,3.2642157726136205e-05,1916.4649145370004
7340,15032320,2.458937168121338,,,3.253422423608018e-05,1918.978987427001
7350,15052800,2.573381185531616,,,3.242852064675145e-05,1921.408011335001
7360,15073280,2.496350049972534,,,3.2325048737541746e-05,1924.014712092001
7370,15093760,2.6970396041870117,,,3.2223810250275246e-05,1926.405719022001
7380,15114240,2.7475340366363525,,,3.21248068891791e-05,1928.8785999190004
7390,15134720,2.636651039123535,,,3.202804032085487e-05,1931.1771914830006
7400,15155200,2.6237049102783203,2.5515854716300965,12.82742518762281,3.1933512174250427e-05,1935.8547945490009
7410,15175680,2.8567240238189697,,,3.1841224040632484e-05,1938.1207460600008
7420,15196160,2.5295920372009277,,,3.175117747355988e-05,1940.3485761350012
7430,15216640,2.5951428413391113,,,3.166337398885741e-05,1942.6486991200009
7440,15237120,2.5969371795654297,,,3.1577815064590256e-05,1944.9809938930011
7450,15257600,2.525498390197754,,,3.149450214103919e-05,1947.5340718870011
7460,15278080,2.640169858932495,,,3.141343662067627e-05,1949.8919335870005
7470,15298560,2.455476760864258,,,3.1334619868141234e-05,1952.1438137090008
7480,15319040,2.5595462322235107,,,3.1258053210218564e-05,1954.375696682001
7490,15339520,2.6948068141937256,,,3.118373793581509e-05,1956.619357329001
7500,15360000,2.3280529975891113,2.548945724964142,12.79360868788407,3.111167529593838e-05,1961.075899806001
7510,15380480,2.631537437438965,,,3.104186650367559e-05,1965.8375339130007
7520,15400960,2.5981626510620117,,,3.09743127341731e-05,1968.3301877540007
7530,15421440,2.511059522628784,,,3.0909015124616706e-05,1971.1914214690005
7540,15441920,2.3580713272094727,,,3.0845974774212506e-05,1973.658523031001
7550,15462400,2.504626512527466,,,3.078519274416836e-05,1976.3157494690004
7560,15482880,2.601855516433716,,,3.072667005767604e-05,1978.9591584160007
7570,15503360,2.5754590034484863,,,3.0670407699894044e-05,1981.7128218350008
7580,15523840,2.6136133670806885,,,3.0616406617930935e-05,1984.1664146310004
7590,15544320,2.6315226554870605,,,3.056466772082945e-05,1986.5644573690006
7600,15564800,2.5278687477111816,2.5471074104309084,12.770111615222879,3.0515191879551204e-05,1991.4626776660007
7610,15585280,2.653256893157959,,,3.0467979926961988e-05,1993.973731547001
7620,15605760,2.569697380065918,,,3.0423032657817778e-05,1996.3848232210012
7630,15626240,2.8963088989257812,,,3.0380350828751362e-05,1999.234945956001
7640,15646720,2.562896251678467,,,3.0339935158259575e-05,2001.6054028030012
7650,15667200,3.0911483764648438,,,3.030178632669124e-05,2003.8940366230008
7660,15687680,2.4372260570526123,,,3.0265904976235652e-05,2006.133097803001
7670,15708160,2.43265438079834,,,3.0232291710911883e-05,2008.5501219830012
7680,15728640,2.4657161235809326,,,3.0200947096558496e-05,2011.2023464400008
7690,15749120,2.735062837600708,,,3.017187166082404e-05,2013.528530730001
7700,15769600,2.7910542488098145,2.5452907562255858,12.74693379766886,3.0145065893158246e-05,2018.344384248001
7710,15790080,2.985569953918457,,,3.0120530244803712e-05,2020.7320453700004
7720,15810560,2.885829448699951,,,3.0098265128788317e-05,2023.2619350180012
7730,15831040,2.505143165588379,,,3.007827091991831e-05,2025.613705791001
7740,15851520,2.6903185844421387,,,3.006054795477193e-05,2028.1608191930009
7750,15872000,2.6883182525634766,,,3.0045096531693833e-05,2030.5527540920011
7760,15892480,2.797206401824951,,,3.0031916910789995e-05,2032.936841269001
7770,15912960,2.5905566215515137,,,3.002100931392333e-05,2035.3988765950007
7780,15933440,2.594982624053955,,,3.001237392471002e-05,2037.7846799260005
7790,15953920,2.6046013832092285,,,3.0006010888516363e-05,2040.107592931001
7800,15974400,2.6679000854492188,2.5430108070373536,12.717904541493853,3.000192031245637e-05,2044.620134406001
7810,15994880,2.66032075881958,,,3.0000102265389937e-05,2047.0684092660003
7813,16001024,2.7587924003601074,2.5422513484954834,12.708249487025988,3e-05,2050.0834459920006
